25.84855297,6.5704,6.83
26.15576645,8.2493,7.1372
17.80931056,0,0.074498
11.91921915,-4.7686,-4.1734
21.70203813,2.0317,2.6961
41.72884733,25.4942,22.7103
31.33051193,10.3377,12.312
25.0519289,5.6833,6.0334
23.76770107,2.1351,4.7493
27.41478164,7.8058,8.3962
23.04835228,2.7624,4.0307
20.71075499,2.4703,1.7567
20.12340398,2.251,1.2511
22.3877976,1.1624,3.3727
32.9259822,14.4333,13.9074
14.67653469,-1.9998,-1.4561
21.31754268,5.1946,2.3236
38.8870765,14.3152,19.8685
25.40922657,5.7733,6.3907
33.99485822,16.3694,14.9763
16.40027432,0,-0.292417
36.50636672,16.346,17.4878
15.64806167,-0.91127,-0.682787
22.63583992,2.2332,3.6194
28.33221499,10.9517,9.3137
20.37196046,1.8211,1.4582
22.44454862,1.7937,3.4291
24.58727767,4.8993,5.5688
31.0905183,8.9012,12.072
33.58197493,13.0181,14.5634
25.32101724,4.4812,6.3025
27.93447919,9.6074,8.9159
24.11354153,4.6145,5.0951
32.06017437,13.0597,13.0416
13.25084063,-1.4731,-2.8423
14.50000727,-2.1776,-1.6191
22.310773,2.8773,3.2962
14.16704613,-0.040685,-1.9368
54.01234559,35.4687,34.9938
26.22933263,8.6281,7.2108
26.5917398,7.0954,7.5732
19.15428246,0,0.579684
24.80627073,7.7749,5.7877
35.33076109,16.7633,16.3122
29.29277975,12.2319,10.2742
40.95566498,21.9713,21.9371
20.70853359,0.198528,1.7546
41.07696653,24.6061,22.0584
46.4580674,26.8082,27.4395
29.22672709,8.0465,10.2082
33.43356526,14.4153,14.415
25.56395356,8.4619,6.5454
30.18075857,14.2779,11.1622
43.18837142,26.4505,24.1698
26.32008905,7.5759,7.3015
15.35089741,0,-0.891228
29.13871329,10.1671,10.1202
21.58705597,4.3756,2.584
18.20925458,0.572156,0.179742
45.56804154,24.2011,26.5495
15.43904963,-1.5278,-0.826385
24.70071016,3.9872,5.6822
38.18401098,14.6118,19.1655
19.47969732,0,0.777343
25.95780346,7.7807,6.9393
19.565272,0.972661,0.834314
21.20215453,0.598062,2.2134
27.12973067,9.6018,8.1112
30.71627708,14.7562,11.6977
34.33818559,12.8579,15.3196
30.3931367,11.7386,11.3746
13.73077597,-1.6755,-2.3648
24.38759864,7.5819,5.3691
23.89138019,4.3146,4.873
18.62700698,0,0.325881
18.40458648,0,0.242622
26.70297157,8.5885,7.6844
26.17805606,6.6771,7.1595
23.74690816,5.3758,4.7285
27.95309222,9.1281,8.9345
16.36708531,-1.8985,-0.305563
33.25336193,12.1032,14.2348
39.00938853,21.8918,19.9908
30.96230445,12.8348,11.9438
18.10591362,1.0163,0.149871
30.51236819,11.2554,11.4938
25.47591495,5.1971,6.4574
29.73498316,9.4418,10.7164
24.25276307,4.7752,5.2343
37.17181452,20.2683,18.1533
28.01171518,9.3087,8.9932
25.31179401,5.6407,6.2933
24.44065804,1.3631,5.4221
29.91744968,15.9981,10.8989
33.65706588,14.4309,14.6385
27.20319088,9.4412,8.1846
21.51688429,4.2643,2.5158
36.91528475,15.2557,17.8967
22.77270203,1.5729,3.7557
32.3283938,13.3445,13.3099
27.82113355,11.2612,8.8026
43.42303879,23.1306,24.4045
34.51983203,17.5703,15.5013
26.8258781,7.4412,7.8073
22.13564123,4.2777,3.1227
18.21105331,-0.022374,0.180282
30.83604507,9.0568,11.8175
28.54088458,6.9751,9.5223
34.15551324,10.8281,15.137
21.30142001,4.2306,2.3082
48.23049562,26.2066,29.212
18.95491418,0.944646,0.474025
27.45648229,9.7103,8.4379
42.56255623,25.7842,23.544
13.95717061,-3.8275,-2.1416
23.95170232,5.8354,4.9333
37.39365888,17.6945,18.3751
29.00899901,12.1323,9.9905
24.86668768,5.0552,5.8482
19.59818007,0,0.856753
48.02056545,28.7465,29.002
17.59565756,0,0.02671
18.10307876,0,0.149081
19.61717533,1.6723,0.869836
33.05525509,16.0416,14.0367
20.53247221,2.4057,1.5976
29.77327151,9.2312,10.7547
31.74669814,16.9139,12.7282
13.4434133,-2.9221,-2.6503
41.86574793,22.4916,22.8472
20.18424384,1.4333,1.3008
16.87750192,0,-0.137265
17.33764707,0,-0.02851
18.9722728,0,0.482751
27.51964986,8.1569,8.5011
40.42835926,26.8695,21.4098
24.37992419,6.5563,5.3614
49.86746126,31.0413,30.8489
37.0885376,21.8671,18.07
28.89226447,12.4976,9.8737
12.38668823,-2.8341,-3.7059
37.57171205,18.5095,18.5532
17.26150662,0,-0.04505
28.74722825,11.8491,9.7287
23.39274982,7.5904,4.3746
24.93773819,7.9822,5.9192
24.10065543,3.2994,5.0822
42.27910325,22.2466,23.2606
24.98810697,5.7405,5.9696
27.39135802,11.0509,8.3728
30.58707149,11.0971,11.5685
22.11027699,3.059,3.0976
19.28630649,0.397256,0.656168
28.61524282,8.3763,9.5967
34.37767563,13.9867,15.3591
28.00797566,7.2911,8.9894
28.10973882,11.8861,9.0912
21.81361478,2.4691,2.8054
19.28722384,0.636574,0.656717
36.79804703,15.5755,17.7795
28.97768063,10.549,9.9591
33.8881936,14.6437,14.8697
17.89920449,0,0.095965
21.0985212,0.998444,2.1153
34.8943648,17.0979,15.8758
23.15766052,2.9935,4.1398
26.99573952,7.8649,7.9772
29.58985596,10.7489,10.5713
26.95041302,7.9179,7.9319
31.09274761,10.5149,12.0742
21.24998457,1.4022,2.259
25.74022286,7.6915,6.7217
30.47391775,13.9231,11.4554
26.89421811,9.0856,7.8757
22.90578573,2.4335,3.8884
35.92621107,16.5349,16.9077
27.4178691,8.7345,8.3993
13.92022555,-2.0878,-2.1779
37.90137448,17.9261,18.8828
29.63428019,8.9983,10.6157
25.61417382,5.6169,6.5956
20.1466513,0.81981,1.27
26.6380229,4.5384,7.6195
17.08416411,0,-0.085297
32.40273234,13.8223,13.3842
32.70476549,14.7663,13.6862
23.73542436,4.714,4.7171
29.42731101,6.9174,10.4088
14.90696092,0,-1.2513
40.28970125,21.1626,21.2712
21.42836067,0,2.4302
32.68508728,9.8085,13.6665
22.65805686,2.9751,3.6415
24.49735446,5.5511,5.4788
30.98159112,10.2497,11.963
25.54320966,8.3091,6.5247
22.47349518,4.4392,3.4578
22.0496878,3.1875,3.0378
17.01507234,0,-0.101937
21.60576487,2.5264,2.6022
37.47133908,19.8577,18.4528
12.18546465,-3.3141,-3.9072
34.35338533,14.9082,15.3348
21.91679942,4.4287,2.9068
27.26583386,7.6221,8.2473
26.82445857,9.5498,7.8059
17.40923849,0.269402,-0.013171
19.87755099,2.5657,1.0585
35.8125123,21.2631,16.794
29.99125368,12.0867,10.9727
16.51679619,0,-0.248929
15.4817106,0,-0.795895
23.30614429,3.1279,4.2881
20.53631296,2.4804,1.6009
17.75049611,0,0.060957
28.52574368,9.7639,9.5072
21.62031817,2.0122,2.6164
21.18653986,2.1604,2.1986
22.18894917,4.7393,3.1755
31.73793319,12.9964,12.7194
37.82412357,15.6892,18.8056
20.98256336,0,2.0065
29.96649797,10.3551,10.948
34.29726299,10.4411,15.2787
26.98425608,8.737,7.9657
23.45040723,3.2255,4.4322
26.0911159,7.2132,7.0726
24.89652791,5.1206,5.878
24.84010972,2.703,5.8216
24.649993,6.4053,5.6315
15.53725014,-1.1002,-0.757094
21.91513434,5.4838,2.9051
23.11246383,3.064,4.0947
22.82391399,2.0921,3.8068
34.76924006,13.5101,15.7507
24.01784564,4.1115,4.9994
38.6632313,17.2394,19.6447
26.3774941,6.3035,7.359
19.17256272,0.816012,0.589967
37.28111747,21.6462,18.2626
21.37486981,2.7549,2.3787
23.44632728,2.1959,4.4281
23.01299129,6.5013,3.9954
35.52061507,22.3207,16.5021
22.3148785,5.169,3.3003
13.01935261,-3.8927,-3.0735
32.80816753,15.8644,13.7896
27.46568097,6.4552,8.4471
31.9164812,12.5245,12.8979
14.20557291,-1.5141,-1.8995
29.51151724,9.8861,10.493
18.22014529,0.562299,0.183019
26.45480001,10.8344,7.4363
14.79768134,-2.8981,-1.3472
28.05646595,10.7734,9.0379
21.86848625,0.200101,2.8592
34.4296085,14.8903,15.4111
26.32741358,6.5265,7.3089
27.82808355,6.3739,8.8095
30.28911116,8.9543,11.2706
22.49206133,6.4746,3.4763
34.44470042,14.4022,15.4262
17.68637702,0,0.046565
19.11931188,1.7958,0.560291
26.24950766,5.7433,7.231
23.13889494,3.5327,4.1211
33.81437957,16.3039,14.7958
29.03497315,9.6392,10.0164
20.9876146,3.8598,2.0112
21.25165669,0.718879,2.2606
30.14529548,12.7719,11.1268
28.86062716,10.2455,9.8421
23.58231651,3.3796,4.564
33.16293055,15.7882,14.1444
39.5517254,17.6039,20.5332
27.17248559,7.7632,8.1539
20.59336579,2.1921,1.6514
23.79647056,3.2639,4.7781
22.6144348,3.7128,3.5981
27.6830722,11.9213,8.6645
39.64032585,21.9478,20.6218
21.81582926,6.7037,2.8075
19.72204622,1.8554,0.943768
26.04783012,4.6867,7.0293
22.59564541,3.04,3.5793
33.38422347,13.4286,14.3657
23.73097437,3.0833,4.7126
22.18324416,3.3272,3.1698
17.45000498,1.1523,-0.004479
25.97385496,5.2627,6.9553
18.97559041,0,0.48443
31.98503314,9.8737,12.9665
32.63794712,13.4696,13.6194
25.59744649,8.2922,6.5789
27.18284691,11.6055,8.1643
24.36333465,3.6613,5.3448
16.46523689,0,-0.267671
13.37039903,-1.9799,-2.7231
18.85367685,0,0.424921
28.02754112,10.1214,9.009
23.49339393,6.3813,4.4752
18.38430053,0.399247,0.235669
25.59136685,6.1373,6.5728
19.52724873,0,0.808752
37.20140658,15.6646,18.1829
20.59445746,2.8311,1.6524
29.87243296,12.3886,10.8539
30.70865932,11.0199,11.6901
18.31361865,0.958333,0.212229
30.50123671,8.4982,11.4827
27.22774555,6.8349,8.2092
27.5377983,7.6131,8.5193
27.74272558,8.5327,8.7242
30.13895741,9.3319,11.1204
17.86674481,0,0.088096
28.79574644,9.613,9.7772
14.34688365,-1.147,-1.7638
29.71670554,12.6829,10.6982
22.56569704,5.1375,3.5495
21.54996023,0,2.5479
44.46740865,27.8624,25.4489
30.9896802,17.4751,11.9711
11.69390556,-4.0943,-4.3987
19.17865946,0.218984,0.593418
25.49199803,5.6479,6.4735
20.60356401,1.2397,1.6605
15.00959325,-0.446582,-1.1636
36.04344108,19.7234,17.0249
26.79243556,6.6154,7.7739
28.12360723,6.5997,9.1051
27.3265895,9.2402,8.308
34.53268373,16.7952,15.5141
24.66877271,3.831,5.6502
16.95407384,0,-0.117208
23.05369917,1.8549,4.036
40.38495979,17.8042,21.3664
21.9422795,3.696,2.9318
22.48706416,6.4949,3.4713
18.95660657,1.5057,0.474872
19.07883049,0,0.538298
33.9960121,15.4418,14.9775
20.57269165,2.5341,1.6331
17.9697131,0.327525,0.113572
29.87623854,6.8456,10.8577
22.00971633,3.8892,2.9983
15.32071052,-2.6054,-0.913986
24.63057054,4.1829,5.612
34.90341575,16.2563,15.8849
31.0446413,9.9437,12.0261
24.04265019,5.5854,5.0242
12.74162715,-5.0943,-3.351
24.31340211,6.9692,5.2949
19.53532655,0,0.81415
25.64508229,5.4419,6.6265
21.24533084,2.8105,2.2546
21.84808152,3.8725,2.8392
16.37604113,0,-0.301982
23.71723035,3.7544,4.6989
17.89183264,0,0.094166
43.57759255,25.6078,24.559
19.48165007,0,0.77862
24.67690706,5.9865,5.6584
23.66560257,4.9427,4.6473
19.43039541,0.748057,0.74544
25.40222158,8.4667,6.3837
28.87230191,4.8298,9.8538
30.88094415,10.207,11.8624
22.96273764,2.9235,3.9452
32.37584631,9.1108,13.3573
13.99174933,-1.878,-2.1076
16.38070922,0,-0.300125
19.8446077,1.1794,1.0337
22.30826418,2.941,3.2937
23.8298297,4.6531,4.8114
40.72550646,26.3681,21.707
19.23779876,2.569,0.627469
31.39874261,15.8824,12.3802
23.00741425,3.1117,3.9898
19.22689536,0.298595,0.621113
22.01254078,5.8352,3.0011
51.12032845,31.0449,32.1018
22.24765692,0.091076,3.2336
38.41209063,18.5562,19.3935
33.66462424,11.1908,14.6461
28.01491868,9.34,8.9964
23.69506818,4.577,4.6767
17.70393196,0,0.050472
25.57340786,7.074,6.5549
18.77499023,2.6474,0.388851
21.8396848,4.6973,2.831
22.50377368,2.3636,3.4879
24.17947161,5.8714,5.161
25.76744762,7.0272,6.7489
25.68139488,6.3402,6.6629
24.76300713,3.9574,5.7445
19.75465797,0.136952,0.967331
40.53216479,20.0151,21.5136
17.10814206,0,-0.079667
25.77460437,3.8172,6.7561
22.27660767,3.0561,3.2623
29.25364142,8.8625,10.2351
24.21163147,5.1005,5.1931
21.35042161,3.0504,2.3552
21.57156051,3.9459,2.5689
35.39732193,17.2029,16.3788
28.57949428,8.5141,9.561
17.51224373,-0.391346,0.008793
27.77472334,6.7342,8.7562
21.76189598,3.3764,2.7547
31.0943611,10.8663,12.0758
34.49886923,15.294,15.4803
28.89242888,10.5092,9.8739
23.60804827,1.6341,4.5897
13.19424283,-3.106,-2.8988
38.02714667,22.583,19.0086
21.46706511,4.5849,2.4676
21.11514687,4.7176,2.131
33.70944298,12.1118,14.6909
29.19522425,10.7593,10.1767
19.62540954,0,0.875538
39.04357531,25.9451,20.025
16.5402977,0,-0.24064
25.44648537,6.9773,6.4279
33.53266915,13.1142,14.5141
32.12809167,11.2397,13.1095
25.87464897,6.1355,6.8561
17.58249515,0,0.023866
29.56328145,12.178,10.5447
27.32514257,11.6108,8.3066
13.5290127,-0.379374,-2.5651
32.0157701,15.3204,12.9972
36.42714241,17.3181,17.4086
29.54438323,11.5775,10.5258
23.85680477,6.0032,4.8384
28.90382594,8.0949,9.8853
24.61481819,6.4266,5.5963
23.2517995,5.2662,4.2338
19.59185703,0.825601,0.852419
23.90495513,4.3187,4.8865
28.91576549,12.3625,9.8972
19.16746576,0,0.58709
22.39300463,2.5957,3.3778
45.5116641,23.5495,26.4931
30.07119554,10.2019,11.0527
37.01024101,22.5062,17.9917
21.61057597,4.9222,2.6069
21.09119349,2.376,2.1084
22.80038159,5.7038,3.7833
26.16227869,5.2777,7.1437
55.99669088,39.839,36.9781
25.73194155,6.2906,6.7134
30.43550386,12.2637,11.417
22.77332061,4.9031,3.7563
18.42396937,0.954662,0.249361
20.8900726,2.9903,1.9206
32.69374933,8.5059,13.6752
23.55553235,3.6079,4.5373
24.2108935,5.125,5.1924
21.57818445,2.1404,2.5754
29.09235252,5.9206,10.0738
22.91546363,3.5875,3.8981
34.37633801,15.1912,15.3578
31.97066218,13.6552,12.9521
16.28996938,-1.1252,-0.337466
30.58196886,13.4568,11.5634
19.18899034,1.9561,0.599292
29.31962134,11.3557,10.3011
23.43587001,1.8224,4.4177
17.99246997,0.284214,0.119416
18.38722941,0,0.236666
22.05918382,2.2193,3.0471
12.93754905,-2.942,-3.1552
31.0975956,10.3432,12.0791
15.86623982,-0.307378,-0.549013
38.80534625,20.7987,19.7868
21.31854062,4.6979,2.3246
18.32103456,0,0.214632
32.67135888,16.2529,13.6528
20.26990446,0.638551,1.3718
22.44276502,2.6539,3.4273
28.91071569,10.2881,9.8922
18.98412368,2.7178,0.488761
22.16958845,2.7576,3.1563
31.99302997,10.0951,12.9745
23.277386,3.8733,4.2594
56.01844947,40.4196,36.9999
26.56620767,5.5552,7.5477
28.03719352,8.4327,9.0187
16.96212844,0.209952,-0.115157
28.88979296,10.656,9.8712
28.54214797,8.8432,9.5236
32.60124778,11.121,13.5827
21.63625542,0,2.6319
26.91340763,4.2618,7.8949
16.55162127,0,-0.236703
28.89657435,11.8073,9.878
27.12255314,8.4488,8.104
21.73412476,3.4744,2.7275
22.96430983,4.7593,3.9468
25.70775818,7.3755,6.6892
30.07771361,12.9149,11.0592
28.66583757,7.2372,9.6473
25.46259509,5.6655,6.4441
19.07654992,0,0.537074
22.7417333,3.7012,3.7248
22.9406042,4.8237,3.9231
21.16395985,2.1634,2.1772
26.47792896,9.4668,7.4594
21.1218545,0,2.1373
18.43413038,0.049748,0.252932
28.57143486,6.8012,9.5529
27.57668351,6.276,8.5581
25.58098625,8.1217,6.5624
26.92538429,9.8497,7.9068
27.27201629,7.672,8.2535
29.33962256,12.1578,10.3211
29.90217136,8.9376,10.8836
23.10450301,4.9959,4.0867
16.16974546,0,-0.391129
27.39010573,5.197,8.3716
20.1244134,0.267116,1.252
22.15540661,4.9868,3.1423
51.80493373,31.387,32.7864
29.39023303,9.776,10.3717
22.45739031,0.926446,3.4418
27.69133932,8.9708,8.6728
38.86356217,18.7044,19.845
29.44872646,11.8432,10.4302
36.14500144,14.2319,17.1265
28.65536948,11.3782,9.6368
23.07135453,0.978912,4.0536
26.69053439,8.2279,7.672
18.41714258,0,0.246977
30.12079553,12.0788,11.1023
21.32685658,1.8558,2.3325
19.95125631,2.171,1.1148
24.73887643,7.3339,5.7203
25.15591366,6.6844,6.1374
14.31303761,-1.6393,-1.7962
21.77860272,1.5998,2.771
29.066042,10.5862,10.0475
21.36017228,2.9529,2.3645
24.23043777,6.539,5.2119
24.65626916,6.8424,5.6377
43.61993406,20.8289,24.6014
29.37296391,9.4444,10.3544
20.0771014,0,1.2139
28.76290244,9.8011,9.7444
15.43892997,0,-0.826472
37.68438005,17.6316,18.6658
33.07285758,18.3993,14.0543
31.06064384,12.644,12.0421
26.9245185,4.9742,7.906
23.09587134,0.789156,4.0781
25.48718375,6.8927,6.4686
29.64450127,9.5307,10.626
18.60638666,0,0.3176
18.08871853,1.3317,0.145105
20.19294844,0,1.3079
26.23532021,6.0717,7.2168
27.28432117,7.7234,8.2658
18.8870841,0.725413,0.440787
26.59856603,6.8283,7.58
30.11382076,11.0838,11.0953
25.51746695,6.9066,6.4989
40.00806373,19.9552,20.9895
32.69475419,12.7763,13.6762
31.08494762,9.9622,12.0664
38.50034952,17.004,19.4818
13.31575182,-2.0166,-2.7776
17.26604236,-1.2792,-0.044056
32.9024887,14.0632,13.8839
28.75411137,9.4743,9.7356
23.21054115,6.2203,4.1926
23.11656855,5.7577,4.0988
14.93923097,0,-1.2235
19.8313327,0,1.0238
23.98211553,3.375,4.9637
23.35443037,4.4189,4.3363
20.31185558,3.1182,1.4071
25.11350948,3.3945,6.095
35.16671452,19.3664,16.1482
17.47069157,0,-0.000071
24.12415826,7.4437,5.1057
20.61209288,3.1102,1.6681
10.44518158,-5.9796,-5.6474
25.66138886,6.2632,6.6428
24.35928322,6.7033,5.3408
37.29355222,17.2289,18.275
34.60066843,15.3696,15.5821
27.65821826,10.3482,8.6397
30.24266389,9.6993,11.2241
23.39857559,4.0594,4.3804
26.91713203,8.954,7.8986
20.51059984,1.2131,1.5783
21.47836039,2.4913,2.4785
23.72974993,5.9994,4.7114
27.80367238,13.9597,8.7851
30.38793744,10.4996,11.3694
31.7561229,10.7213,12.7376
23.09251749,2.3659,4.0748
26.36117561,8.1291,7.3426
18.77415201,0.912293,0.388477
26.74334984,8.5657,7.7248
29.13812384,9.902,10.1196
17.74941622,1.6377,0.060712
31.97523072,9.873,12.9567
20.19750841,1.5157,1.3117
28.5495215,7.8478,9.531
31.89821841,15.9997,12.8797
27.64091942,6.954,8.6224
22.98850748,2.193,3.9709
23.30778393,3.5707,4.2897
15.17244863,-0.410708,-1.0297
27.36173305,9.499,8.3432
18.3540476,0,0.225489
42.59082818,18.8287,23.5723
25.7637726,5.2679,6.7452
27.30147124,9.285,8.2829
30.51348142,10.7771,11.4949
28.35941825,9.215,9.3409
25.56473556,5.6098,6.5462
32.45639997,16.2064,13.4379
20.024471,0,1.172
35.15497765,15.3083,16.1364
27.8811782,7.3901,8.8626
22.84100484,4.1185,3.8238
16.84822787,0,-0.145221
20.97635182,4.1158,2.0007
15.182478,-0.823458,-1.0216
21.34324898,1.4557,2.3483
21.10688083,1.0997,2.1232
27.24458836,7.9106,8.226
20.46366573,0.589394,1.5373
31.87397865,10.1948,12.8554
16.81315708,0,-0.154978
28.54993814,13.0436,9.5314
19.5523839,0.99123,0.825606
19.37140706,3.4519,0.708172
18.26213576,0,0.195897
25.48115048,5.7218,6.4626
20.76771326,3.5429,1.8083
28.2776542,7.1479,9.2591
20.7388123,0.457624,1.7821
18.68038915,2.0801,0.347875
18.60372605,0,0.31654
26.05071109,6.4215,7.0322
20.732043,0.488689,1.7759
32.0919801,14.7911,13.0734
20.63162404,1.093,1.6855
13.03201169,-4.2322,-3.0608
24.20843036,6.9053,5.1899
32.78332029,15.6755,13.7648
31.69982393,9.3422,12.6813
35.91752756,14.0976,16.899
19.9515487,1.5687,1.1151
29.61374589,12.3524,10.5952
29.69756779,9.6108,10.679
19.66020453,0,0.899826
25.47379354,7.5682,6.4553
21.78582284,4.349,2.7781
19.94238439,0.190612,1.108
28.36172576,7.4682,9.3432
54.1933464,46.5363,35.1748
57.17667558,35.5157,38.1581
40.01231991,21.0464,20.9938
43.48822554,22.6491,24.4697
23.96330329,4.1695,4.9449
57.99629624,34.3909,38.9778
58.2894328,43.2157,39.2709
28.73838083,10.1945,9.7198
22.64655785,3.6528,3.63
30.42158649,11.6978,11.403
36.68009408,18.8961,17.6616
15.02860899,-0.637296,-1.1476
27.5676718,7.212,8.5491
13.57466971,-2.4389,-2.5197
13.92938492,-1.9928,-2.1688
45.69883472,33.5744,26.6803
26.52909404,7.2862,7.5106
24.24584374,7.1999,5.2274
31.64374451,15.5958,12.6252
20.88865356,2.6154,1.9193
13.32664581,-2.846,-2.7667
33.64232534,15.7801,14.6238
30.9992112,10.0325,11.9807
31.06327961,9.7315,12.0447
21.24407353,0.898816,2.2534
16.72323808,0,-0.181204
23.64639512,4.9395,4.6281
32.96797622,12.12,13.9494
28.93283329,12.2144,9.9143
17.79114819,0,0.070278
42.72350173,29.2731,23.705
26.22853986,7.24,7.21
12.74281321,-3.4775,-3.3499
18.40139332,0,0.241521
30.15404731,13.1806,11.1355
26.04994102,6.1609,7.0314
35.59519097,16.4076,16.5766
56.83966918,35.9734,37.8211
18.13402249,0,0.157783
27.19875692,7.7651,8.1802
19.48642983,0,0.781752
30.49134971,9.8516,11.4728
20.34622816,0,1.4363
21.28551408,2.8131,2.2929
18.22114107,0,0.18332
18.13944617,0,0.159328
20.23029683,1.9131,1.3388
21.84980696,4.9614,2.8409
20.11794533,0.538447,1.2467
34.82845352,15.5156,15.8099
31.77465948,12.1084,12.7561
26.79244654,7.9447,7.7739
17.32214529,0,-0.031854
14.11838836,-1.0353,-1.984
25.48465211,6.5431,6.4661
19.01770447,0,0.506018
18.87684973,0.756458,0.435891
36.96733859,15.3635,17.9488
39.24537847,21.4054,20.2268
31.59875748,14.5502,12.5802
18.45771469,0,0.261323
33.45877941,13.0354,14.4402
30.19818251,11.0477,11.1796
27.83839852,8.0803,8.8199
11.26207802,-3.9747,-4.8305
30.84490059,14.3939,11.8264
21.34195427,3.0039,2.347
28.9389795,11.8458,9.9204
15.93987577,-0.957828,-0.507694
20.46587259,1.4699,1.5393
12.56535842,-2.1661,-3.5273
28.39814012,8.6715,9.3796
28.94712596,8.2812,9.9286
35.78067068,18.9747,16.7621
24.37573952,5.0168,5.3572
23.66656843,4.5781,4.6482
21.33976837,3.0081,2.3449
36.40576586,19.3378,17.3872
25.33019498,3.9477,6.3117
26.2740535,6.5448,7.2555
20.69299864,1.7282,1.7406
20.34437797,0,1.4347
33.72973679,11.7465,14.7112
33.0994392,17.9306,14.0809
28.10038083,7.8383,9.0818
27.61456049,10.758,8.596
31.12792231,10.715,12.1094
18.98486746,0,0.48914
23.56277506,4.7182,4.5445
14.17172304,-1.817,-1.9322
16.17164698,-0.281955,-0.390242
28.54531502,8.603,9.5268
31.48514785,14.5992,12.4666
20.26704415,0,1.3694
30.04176787,11.9845,11.0232
15.93561731,0,-0.510031
20.62225299,1.7496,1.6771
29.20323423,8.8539,10.1847
22.20090529,4.4846,3.1873
26.30583584,10.7241,7.2873
25.61529058,7.3225,6.5967
19.66094226,0,0.900344
33.79436478,9.5711,14.7758
14.38016408,-1.7281,-1.7322
27.0765334,9.6132,8.058
15.9274061,0,-0.514554
20.27644243,2.0227,1.3773
22.5278011,2.8309,3.5118
26.13300163,5.7713,7.1145
35.25606933,21.709,16.2375
30.69650112,13.6641,11.678
31.54271451,9.3147,12.5242
31.91530491,16.5987,12.8968
25.66192046,5.3423,6.6434
24.73545052,4.5937,5.7169
19.76864501,0.501663,0.977519
28.51430266,12.4748,9.4958
33.83128259,15.8679,14.8127
22.19626065,2.2327,3.1827
23.21117468,6.6737,4.1932
20.04697879,2.4408,1.1899
18.03449412,0,0.130434
35.69592699,16.0215,16.6774
29.40851882,10.1807,10.39
23.57239463,5.0601,4.5541
33.10676895,9.6796,14.0882
19.99432501,2.906,1.1483
24.61324147,6.971,5.5947
21.1548931,1.9807,2.1686
37.68731474,15.9073,18.6688
34.66607691,14.6824,15.6475
24.08520953,6.3976,5.0667
33.20403507,15.5668,14.1855
27.0714489,7.3283,8.0529
32.22993569,19.7695,13.2114
16.74707018,0,-0.174076
34.29977459,14.3673,15.2812
41.4935259,21.7102,22.475
15.8524789,0,-0.55695
19.33804952,0,0.687538
26.83859886,5.9625,7.8201
25.80582841,5.0595,6.7873
21.37975901,1.2398,2.3834
18.50566933,1.2207,0.278829
25.51991898,6.2638,6.5014
34.4787382,12.8218,15.4602
17.97731371,0,0.115515
30.45290312,13.6803,11.4344
45.85995681,26.1857,26.8414
24.10334868,6.3634,5.0849
34.94518459,14.6538,15.9266
17.39092476,-0.022808,-0.017082
36.30000975,16.4457,17.2815
27.22156598,5.506,8.203
22.85060135,5.4416,3.8334
20.17099971,2.0098,1.2899
30.77423924,10.1572,11.7557
16.08298351,1.1555,-0.432935
25.29573698,4.2857,6.2772
20.82874643,1.358,1.8641
16.04332798,0,-0.452922
25.04445611,6.7064,6.0259
31.75707274,13.8126,12.7385
30.14058752,12.9863,11.122
21.05316891,3.7803,2.0726
17.29434378,1.2417,-0.037879
15.74742871,-1.6146,-0.61977
39.61387519,17.899,20.5953
30.45024405,16.8019,11.4317
21.43988238,4.4907,2.4413
42.46151293,24.3208,23.443
26.23883278,6.9794,7.2203
27.80356124,9.5356,8.785
24.42653374,5.9579,5.408
16.6347967,0,-0.208855
23.31382401,3.0723,4.2958
25.27306643,12.4357,6.2545
20.18537015,1.3991,1.3017
28.25269092,10.8143,9.2341
43.4866037,27.7766,24.4681
37.72722162,18.4924,18.7087
19.55396571,0,0.826672
21.62764037,2.8358,2.6235
24.58389846,3.0169,5.5654
19.56149313,0,0.831756
28.19602761,12.0869,9.1775
21.88902569,1.1665,2.8794
22.31797393,5.7891,3.3034
34.93866096,14.6513,15.9201
13.77814912,-2.4778,-2.318
25.2260583,6.098,6.2075
29.32368912,7.0822,10.3051
21.44338172,1.7989,2.4447
16.37590279,0,-0.302037
18.52362433,0.388867,0.28554
23.3795222,4.8478,4.3614
21.66005147,3.321,2.6551
28.54145769,7.7387,9.5229
32.42714473,11.6032,13.4086
56.16326317,38.169,37.1447
20.74191322,0,1.7849
23.09154567,2.9607,4.0738
21.23735956,0.894915,2.247
12.81411468,-3.7133,-3.2786
21.6287393,2.2031,2.6246
12.82872099,-3.7329,-3.264
30.96473116,13.7536,11.9462
19.86573459,1.9136,1.0496
21.72817123,2.984,2.7217
35.33652533,13.7218,16.318
14.38678051,-3.0948,-1.7259
27.45965233,8.8858,8.4411
20.36906066,1.583,1.4557
23.76202276,6.0695,4.7436
24.33813949,6.3273,5.3196
17.50112758,0.875328,0.00642
41.65436765,21.1059,22.6358
28.23850398,10.4451,9.22
24.22212431,3.4701,5.2036
16.71200165,0,-0.184611
18.7186023,0,0.364116
28.31966562,7.7719,9.3011
31.21167254,10.1049,12.1931
13.82763773,-2.0123,-2.2691
24.15428583,5.5179,5.1358
23.47521496,6.361,4.457
29.85778567,10.4859,10.8392
18.36783539,0,0.230101
28.39327779,8.5446,9.3747
18.63768483,0.31547,0.330216
15.38859051,-1.0465,-0.863203
22.43743203,1.7382,3.422
39.98878766,25.4724,20.9702
19.83022932,0,1.0229
41.43338011,20.445,22.4148
35.02818119,14.2187,16.0096
24.04808498,6.375,5.0296
20.66382349,0.4056,1.7144
28.97030225,10.9352,9.9518
38.54541063,17.5934,19.5269
17.19766424,0,-0.059204
37.29645483,18.3275,18.2779
49.30764067,30.1375,30.2891
31.3047789,13.0879,12.2862
21.56843351,1.8948,2.5659
31.39422369,13.3742,12.3757
30.25101035,9.926,11.2325
47.3256361,30.3654,28.3071
15.00825137,-2.8109,-1.1647
17.85223532,0,0.084623
28.94408283,12.3859,9.9255
39.67314124,22.1323,20.6546
17.56184138,1.4415,0.019418
28.06257861,11.2867,9.044
23.43682922,3.3158,4.4186
20.66885559,0.101672,1.7189
34.69807415,15.8331,15.6795
34.83979141,12.1476,15.8212
17.27420174,0,-0.04227
17.53128833,0,0.012865
34.91307385,14.9976,15.8945
14.93348632,-0.782839,-1.2284
23.20969382,5.7857,4.1918
31.43796582,15.0518,12.4194
23.871758,4.2487,4.8533
26.39220079,6.3689,7.3737
20.66885115,0.930317,1.7189
24.98956901,9.6289,5.971
29.03819147,9.6295,10.0196
21.99315804,1.4038,2.982
13.26383359,-3.0633,-2.8293
24.0748054,3.5214,5.0563
22.56230603,2.1613,3.5462
25.21714186,4.2067,6.1986
24.1711769,3.9275,5.1527
29.97644334,8.1624,10.9579
20.09907896,0.354011,1.2315
27.38525341,9.6662,8.3667
28.34111825,6.3397,9.3226
45.9858783,25.3408,26.9673
21.29210201,2.7644,2.2993
27.20465673,4.8703,8.1861
22.41170763,3.0569,3.3964
35.1508381,15.9629,16.1323
38.28374636,23.2343,19.2652
17.42942426,0,-0.008865
26.32664805,8.9518,7.3081
32.29104421,8.0633,13.2725
22.0141646,1.8995,3.0027
13.61656186,-3.1601,-2.4781
19.55166353,1.851,0.825121
24.64917418,6.5337,5.6306
17.07360813,0,-0.087798
25.03122385,5.7583,6.0127
28.33064814,8.7883,9.3121
23.73980395,3.9472,4.7214
28.82772403,8.8411,9.8092
32.42858819,9.6655,13.41
17.14851459,-1.1392,-0.070337
28.15384622,10.7617,9.1353
28.63833255,11.2622,9.6198
19.23220869,0.160607,0.624206
18.12518622,0,0.155279
29.39980358,6.0227,10.3813
25.02011354,6.4417,6.0016
22.88695681,5.7327,3.8696
27.98389053,9.4257,8.9653
16.85409609,-1.1756,-0.143613
25.27283453,8.1288,6.2543
17.55514318,0,0.017979
22.91071765,3.453,3.8933
34.61915816,14.5721,15.6006
33.84407153,10.8467,14.8255
25.93368604,8.4136,6.9151
23.4663594,6.4666,4.4482
17.59165163,0,0.025843
21.44846611,2.2656,2.4496
17.70645996,0,0.051036
29.4501463,8.7813,10.4316
34.61410439,16.6035,15.5956
33.36847132,15.4717,14.3499
19.15929823,1.6549,0.582496
23.45867875,5.1865,4.4405
18.28787086,0.299967,0.203985
26.51884517,6.8718,7.5003
33.09695477,14.9656,14.0784
22.9867069,3.4729,3.9691
20.33727636,2.9219,1.4287
22.46217833,2.9574,3.4466
41.84043681,22.2441,22.8219
19.96559873,0,1.126
25.77233776,9.9147,6.7538
41.98665053,28.2772,22.9681
29.68296659,10.9769,10.6644
19.96247657,3.1208,1.1235
25.27298708,5.6729,6.2544
26.90478731,8.6626,7.8862
