2.2543,2.9243,3.2543
3.0955,4.2972,4.0955
2.3232,3.3522,3.3232
2.6103,2.821,3.6103
2.4285,2.6916,3.4285
2.5049,3.4892,3.5049
2.5949,3.0446,3.5949
4.7756,5.7713,5.7756
3.8287,5.2448,4.8287
2.1971,2.3764,3.1971
3.7022,6.2901,4.7022
2.0952,2.993,3.0952
3.0493,4.7015,4.0493
3.1764,4.3978,4.1764
3.6399,5.2443,4.6399
3.7498,4.8312,4.7498
4.5924,5.9085,5.5924
3.7793,5.8976,4.7793
4.592,4.2971,5.592
4.0898,4.5789,5.0898
2.9898,3.9287,3.9898
3.6988,6.0988,4.6988
2.6004,4.3822,3.6004
2.0132,0.496808,3.0132
3.0635,4.9525,4.0635
2.8812,4.051,3.8812
2.4901,2.7077,3.4901
3.3327,3.2127,4.3327
2.3473,4.1528,3.3473
2.158,4.028,3.158
3.4622,1.0516,4.4622
3.1941,4.3633,4.1941
4.6696,5.6623,5.6696
2.8214,3.7523,3.8214
4.008,5.5911,5.008
3.3423,4.0314,4.3423
2.2291,2.0533,3.2291
4.1613,6.2706,5.1613
2.3177,4.0686,3.3177
2.7208,3.4613,3.7208
2.749,3.8465,3.749
2.2729,3.6469,3.2729
4.2293,5.5306,5.2293
3.1359,3.1993,4.1359
4.6313,6.0121,5.6313
2.3332,2.5397,3.3332
2.6738,4.7022,3.6738
3.1899,5.3593,4.1899
3.6099,3.7771,4.6099
4.0911,4.352,5.0911
2.7613,2.5979,3.7613
2.6537,4.4598,3.6537
4.407,5.414,5.407
3.6125,4.6364,4.6125
3.414,4.3388,4.414
4.9943,4.3381,5.9943
4.0297,5.5861,5.0297
2.4214,3.0694,3.4214
4.8568,6.3028,5.8568
2.9663,2.677,3.9663
2.7895,2.9702,3.7895
2.0623,3.7399,3.0623
2.5253,3.4081,3.5253
3.9891,6.5603,4.9891
4.4069,6.3621,5.4069
4.8213,5.0167,5.8213
4.2392,5.1939,5.2392
3.1447,2.5516,4.1447
4.3383,4.8583,5.3383
3.9827,4.9842,4.9827
3.2958,4.9216,4.2958
3.912,5.305,4.912
3.9251,5.1894,4.9251
4.5284,3.4657,5.5284
4.0158,4.4751,5.0158
2.1828,3.7212,3.1828
4.6949,5.142,5.6949
3.6507,6.1218,4.6507
4.0285,4.7721,5.0285
3.0856,5.2757,4.0856
2.2245,2.9298,3.2245
2.1511,2.9246,3.1511
3.1186,4.1271,4.1186
3.0435,2.5313,4.0435
2.9516,3.4067,3.9516
3.8764,4.3551,4.8764
4.5366,4.1841,5.5366
4.9233,5.5591,5.9233
4.6419,3.9357,5.6419
3.1496,3.8148,4.1496
4.8346,6.5268,5.8346
4.8171,5.9744,5.8171
4.8678,5.847,5.8678
4.3275,4.4586,5.3275
4.2735,5.9836,5.2735
3.3379,5.5579,4.3379
3.212,4.1945,4.212
2.6682,3.3569,3.6682
3.72,3.4351,4.72
3.6401,4.2808,4.6401
4.0002,4.0546,5.0002
4.7744,5.9188,5.7744
2.7326,3.7643,3.7326
2.7153,4.1428,3.7153
4.5775,4.269,5.5775
4.0041,3.7075,5.0041
3.4941,4.7997,4.4941
4.4652,4.0762,5.4652
4.2921,6.8447,5.2921
4.2277,5.2174,5.2277
3.2923,2.8132,4.2923
2.0842,3.8645,3.0842
3.8477,3.7272,4.8477
2.9874,4.3588,3.9874
4.9516,8.2912,5.9516
3.5644,4.7011,4.5644
2.9041,3.6554,3.9041
3.4289,4.1503,4.4289
4.0148,4.6237,5.0148
2.5554,4.406,3.5554
3.202,3.9329,4.202
3.4062,4.4705,4.4062
4.6212,4.9882,5.6212
4.1421,6.1863,5.1421
4.0306,5.0918,5.0306
4.1893,4.8214,5.1893
3.837,6.1248,4.837
3.2014,4.1637,4.2014
2.6487,5.1734,3.6487
2.0202,4.6342,3.0202
2.7297,3.3276,3.7297
3.0985,3.5561,4.0985
3.1691,4.2122,4.1691
4.1183,6.1168,5.1183
2.9309,5.2201,3.9309
4.1962,4.3614,5.1962
3.0654,4.746,4.0654
4.6381,4.6807,5.6381
4.4665,4.1115,5.4665
2.8136,4.0648,3.8136
3.1041,4.6437,4.1041
4.1482,5.2117,5.1482
3.9639,4.4918,4.9639
4.3232,4.909,5.3232
4.5511,6.0854,5.5511
2.4087,5.3519,3.4087
2.8463,2.5848,3.8463
4.149,4.8686,5.149
3.053,3.3235,4.053
2.4379,2.9818,3.4379
2.1027,5.4169,3.1027
2.4515,2.3306,3.4515
3.553,2.8111,4.553
3.3221,3.5866,4.3221
4.4328,5.2749,5.4328
3.8796,5.4631,4.8796
2.0395,3.031,3.0395
4.9832,7.4265,5.9832
3.2433,5.7637,4.2433
2.553,5.912,3.553
2.1936,4.3057,3.1936
2.3461,3.1116,3.3461
3.6864,5.0478,4.6864
4.6956,6.0818,5.6956
4.8448,5.4632,5.8448
2.1219,3.547,3.1219
3.0743,4.8141,4.0743
4.0979,5.4612,5.0979
3.3476,4.5834,4.3476
2.1995,5.0154,3.1995
4.3515,5.0154,5.3515
2.6496,4.1184,3.6496
2.845,2.7994,3.845
2.1058,1.2561,3.1058
2.7205,2.9386,3.7205
4.4607,6.853,5.4607
3.2933,5.3465,4.2933
2.8346,3.5374,3.8346
4.5065,6.0793,5.5065
3.9045,6.1481,4.9045
2.1417,1.794,3.1417
4.998,6.5228,5.998
4.5045,3.1466,5.5045
3.8751,3.8214,4.8751
3.9771,5.6198,4.9771
3.7888,5.5529,4.7888
4.672,5.6941,5.672
2.6653,4.1451,3.6653
2.6457,1.9676,3.6457
4.497,5.3245,5.497
3.3531,3.8081,4.3531
4.2032,3.5557,5.2032
2.5105,3.8534,3.5105
2.5194,2.1574,3.5194
2.5129,2.2822,3.5129
4.7905,5.9424,5.7905
2.1395,2.824,3.1395
4.4874,4.953,5.4874
4.1751,6.8389,5.1751
3.7472,4.9408,4.7472
3.3443,4.6242,4.3443
3.3027,4.3101,4.3027
4.1829,6.4358,5.1829
3.123,3.9634,4.123
3.6785,5.398,4.6785
4.6926,5.4946,5.6926
2.1389,2.6649,3.1389
4.3415,4.6919,5.3415
2.9742,5.2861,3.9742
3.4108,4.9101,4.4108
3.4255,4.3462,4.4255
2.9405,3.5436,3.9405
4.8131,4.7299,5.8131
3.2864,4.9534,4.2864
3.6776,4.515,4.6776
2.9525,4.2196,3.9525
3.8141,4.2701,4.8141
2.451,3.3318,3.451
4.7164,6.1006,5.7164
2.7552,3.4559,3.7552
4.4895,4.6372,5.4895
2.7778,3.2904,3.7778
3.6139,4.7294,4.6139
4.6862,5.818,5.6862
4.4427,5.0268,5.4427
3.6738,5.0176,4.6738
3.7437,5.2896,4.7437
3.5948,5.5873,4.5948
2.3991,2.1254,3.3991
2.6384,2.6492,3.6384
3.5278,4.0326,4.5278
2.7756,2.9111,3.7756
2.8863,4.3508,3.8863
3.6604,5.4285,4.6604
2.623,4.2468,3.623
2.3578,4.6243,3.3578
2.8791,1.2523,3.8791
2.0217,2.7904,3.0217
2.7412,3.9232,3.7412
3.9158,5.6072,4.9158
2.9341,3.2246,3.9341
2.2042,1.8671,3.2042
4.2642,5.9519,5.2642
2.1667,4.0207,3.1667
4.0038,3.9771,5.0038
3.6012,3.6793,4.6012
2.8083,5.3514,3.8083
2.7328,4.3384,3.7328
2.9665,3.2841,3.9665
3.3592,3.0507,4.3592
4.0771,6.8977,5.0771
4.9316,6.7034,5.9316
4.5248,6.3544,5.5248
2.0667,2.9219,3.0667
4.9779,6.3976,5.9779
3.7987,4.8171,4.7987
2.3456,3.7789,3.3456
3.2883,6.3614,4.2883
3.1016,3.8752,4.1016
2.4663,2.6538,3.4663
3.2105,2.709,4.2105
3.3808,5.1907,4.3808
3.5496,4.4598,4.5496
2.01,4.3031,3.01
2.4521,2.3198,3.4521
4.0628,5.7016,5.0628
4.0402,6.6616,5.0402
4.6865,6.4616,5.6865
4.7654,7.8744,5.7654
3.8163,5.5871,4.8163
2.6616,2.9441,3.6616
2.6833,1.3114,3.6833
2.0732,3.0844,3.0732
2.2188,4.033,3.2188
4.5226,5.5961,5.5226
4.9681,6.4695,5.9681
3.3721,4.9955,4.3721
2.3853,3.7279,3.3853
3.8055,5.0845,4.8055
4.3173,3.6105,5.3173
3.7513,3.2898,4.7513
3.5497,5.3829,4.5497
3.6711,5.9525,4.6711
4.8798,4.9998,5.8798
4.5668,5.0662,5.5668
4.9655,5.0402,5.9655
3.7074,6.0411,4.7074
3.3278,5.2236,4.3278
4.4004,5.0015,5.4004
3.5794,4.2268,4.5794
3.3756,4.8013,4.3756
3.8408,4.4674,4.8408
4.5891,5.1503,5.5891
2.0836,3.991,3.0836
2.0972,3.6769,3.0972
2.2274,4.7766,3.2274
2.9804,4.4862,3.9804
3.0482,3.7078,4.0482
2.7958,5.3896,3.7958
4.5422,5.1377,5.5422
3.2594,3.0808,4.2594
4.2208,4.2645,5.2208
2.5459,3.672,3.5459
4.9029,6.932,5.9029
2.0821,2.7827,3.0821
3.8344,5.3851,4.8344
2.0403,2.2368,3.0403
4.6297,4.2014,5.6297
3.5673,3.6643,4.5673
2.667,4.5013,3.667
4.4364,6.5276,5.4364
4.3858,5.9685,5.3858
3.1175,3.0634,4.1175
4.6851,6.2409,5.6851
2.8777,5.035,3.8777
3.5235,3.5495,4.5235
4.3154,5.7648,5.3154
4.0226,4.4465,5.0226
4.5391,3.0987,5.5391
2.3218,2.2725,3.3218
3.9767,3.2716,4.9767
2.1209,2.8755,3.1209
2.1431,3.1712,3.1431
4.812,5.3184,5.812
2.6171,5.4695,3.6171
4.736,4.8891,5.736
3.2711,4.4461,4.2711
2.5083,2.1725,3.5083
3.6318,4.1644,4.6318
2.3585,3.93,3.3585
3.1678,2.1859,4.1678
2.5132,3.7906,3.5132
3.996,6.4052,4.996
4.5399,6.2965,5.5399
3.6503,4.9236,4.6503
4.2017,3.8156,5.2017
3.0134,5.1815,4.0134
3.6267,5.8172,4.6267
4.857,5.8479,5.857
3.8904,5.382,4.8904
3.1659,3.588,4.1659
2.2997,3.7398,3.2997
3.9967,5.3738,4.9967
3.6941,5.5211,4.6941
4.1311,7.5338,5.1311
2.2441,4.2614,3.2441
2.0524,2.8254,3.0524
3.2429,5.7188,4.2429
3.2987,4.9373,4.2987
2.5167,3.3272,3.5167
3.9901,4.8735,4.9901
4.8335,7.8655,5.8335
2.2925,3.3223,3.2925
2.1236,2.9299,3.1236
2.6673,6.6813,3.6673
3.3144,4.9366,4.3144
3.2041,3.3594,4.2041
4.7983,4.9687,5.7983
3.8447,6.0931,4.8447
3.4207,4.5414,4.4207
2.2587,3.3683,3.2587
3.0564,4.1346,4.0564
2.5841,4.6086,3.5841
4.7154,3.8681,5.7154
3.9565,6.5393,4.9565
3.3991,5.1974,4.3991
3.3394,3.7259,4.3394
2.1291,3.3628,3.1291
2.8661,3.4008,3.8661
4.1663,3.8632,5.1663
2.3414,2.5923,3.3414
3.9955,5.4153,4.9955
3.821,7.0736,4.821
4.1778,4.2865,5.1778
2.4024,2.8763,3.4024
3.3324,5.3411,4.3324
3.5268,5.2541,4.5268
3.1391,3.9038,4.1391
2.759,2.9674,3.759
4.0862,2.8784,5.0862
4.0697,4.5502,5.0697
4.5571,7.3626,5.5571
4.0613,5.7834,5.0613
4.4187,6.2006,5.4187
4.8334,5.7928,5.8334
2.3644,3.4959,3.3644
3.6745,4.6115,4.6745
2.0144,2.4516,3.0144
4.5517,5.9679,5.5517
3.4218,5.6966,4.4218
3.0882,4.9206,4.0882
3.5873,4.675,4.5873
2.0346,3.1888,3.0346
3.8409,4.5992,4.8409
4.1911,4.6753,5.1911
3.4879,4.3757,4.4879
3.0007,3.8565,4.0007
4.2495,4.7549,5.2495
4.0385,6.5745,5.0385
3.5491,4.5709,4.5491
3.7442,4.0373,4.7442
2.5224,4.537,3.5224
2.6078,2.9202,3.6078
4.1548,5.6643,5.1548
4.9624,5.7193,5.9624
3.7385,5.9002,4.7385
3.1252,5.4812,4.1252
4.6919,6.5025,5.6919
4.1651,3.3209,5.1651
3.3686,3.8519,4.3686
3.4433,6.7187,4.4433
4.0353,5.3065,5.0353
3.9423,5.0892,4.9423
3.5392,3.4811,4.5392
4.9965,6.8887,5.9965
4.2857,4.6192,5.2857
3.4033,4.2974,4.4033
4.2628,6.7813,5.2628
2.8835,3.3769,3.8835
4.8513,3.8578,5.8513
2.3767,2.194,3.3767
2.9773,2.6642,3.9773
3.0102,5.2242,4.0102
3.6729,3.4471,4.6729
4.4426,5.7542,5.4426
2.1493,2.7163,3.1493
3.3062,3.2817,4.3062
2.2098,4.8358,3.2098
2.4759,3.8015,3.4759
4.8048,5.1187,5.8048
2.1385,2.5703,3.1385
4.9808,4.9004,5.9808
3.1604,6.4877,4.1604
3.6455,5.4349,4.6455
2.2747,3.7589,3.2747
2.124,1.7502,3.124
2.4456,4.3916,3.4456
4.0764,3.1005,5.0764
3.7565,5.7593,4.7565
2.8654,5.1788,3.8654
2.7551,2.9844,3.7551
3.4091,3.1258,4.4091
4.8599,6.3632,5.8599
4.1032,5.5773,5.1032
2.2432,2.9515,3.2432
2.8655,2.8287,3.8655
3.5184,2.7523,4.5184
4.9892,6.9721,5.9892
2.6219,5.467,3.6219
4.2914,6.1962,5.2914
3.6793,5.1965,4.6793
2.4542,3.0388,3.4542
3.7671,3.2075,4.7671
2.7623,4.4664,3.7623
2.1409,3.9013,3.1409
4.7553,4.6345,5.7553
2.9196,2.783,3.9196
2.7277,3.7695,3.7277
2.2541,3.2772,3.2541
2.0973,5.1457,3.0973
2.1866,3.6241,3.1866
2.584,5.0569,3.584
2.832,4.8607,3.832
3.6281,3.5845,4.6281
3.647,4.2937,4.647
2.5005,5.1746,3.5005
2.4614,5.2538,3.4614
4.2944,4.3405,5.2944
4.9694,4.6834,5.9694
4.2612,4.1905,5.2612
4.2281,5.89,5.2281
4.2524,5.2963,5.2524
4.5784,4.4013,5.5784
3.7416,5.4366,4.7416
3.5544,4.4406,4.5544
4.3252,3.0966,5.3252
3.6505,4.2438,4.6505
3.9048,4.57,4.9048
2.6076,5.0033,3.6076
3.3209,6.951,4.3209
2.1187,4.1228,3.1187
4.5743,5.0237,5.5743
4.6089,5.3608,5.6089
2.9744,5.9153,3.9744
2.7077,6.4539,3.7077
2.6264,3.5861,3.6264
2.598,4.0368,3.598
3.7443,5.4145,4.7443
4.5575,5.0648,5.5575
2.5622,4.1396,3.5622
2.8035,4.0172,3.8035
3.1508,4.9034,4.1508
2.0356,2.9652,3.0356
3.7471,4.5528,4.7471
5.5315,6.719,6.5315
5.5275,4.603,6.5275
6.2278,5.367,7.2278
6.5739,7.7114,7.5739
5.9408,7.3582,6.9408
7.5441,10.6649,8.5441
6.6125,8.8126,7.6125
6.8509,7.867,7.8509
7.9783,7.6743,8.9783
7.0533,8.2471,8.0533
6.2903,5.7856,7.2903
6.2815,8.6121,7.2815
5.1761,4.9516,6.1761
7.3403,7.865,8.3403
7.8248,9.0832,8.8248
6.8852,5.4131,7.8852
5.621,5.4061,6.621
5.2961,5.017,6.2961
5.2346,6.097,6.2346
6.2591,7.6516,7.2591
9.9534,11.0344,10.9534
8.2684,8.6103,9.2684
8.2407,9.4206,9.2407
8.4997,10.5941,9.4997
8.406,9.1701,9.406
8.7103,10.1268,9.7103
8.6441,11.5852,9.6441
8.1384,12.0293,9.1384
8.5569,8.3486,9.5569
9.3461,10.1436,10.3461
8.2908,9.1124,9.2908
9.6792,12.0516,10.6792
8.9093,8.8766,9.9093
8.8272,8.7085,9.8272
8.1255,10.4645,9.1255
8.1692,9.3247,9.1692
9.5063,10.9808,10.5063
8.9879,9.2183,9.9879
9.0741,10.0975,10.0741
9.5099,9.852,10.5099
8.4557,9.1643,9.4557
8.3409,10.3886,9.3409
8.4915,11.6945,9.4915
9.0434,9.2278,10.0434
9.9608,11.0266,10.9608
8.1709,10.7136,9.1709
8.0244,8.9775,9.0244
8.828,10.3136,9.828
9.7645,9.9503,10.7645
9.3343,11.2559,10.3343
9.4995,10.1604,10.4995
8.1983,8.2633,9.1983
8.5632,8.1551,9.5632
8.2777,9.0327,9.2777
8.3392,7.555,9.3392
9.7242,10.8713,10.7242
8.8643,9.4879,9.8643
8.4229,9.2869,9.4229
9.0185,9.4983,10.0185
8.4993,10.7447,9.4993
9.8653,11.8507,10.8653
9.469,10.4768,10.469
8.2547,9.2793,9.2547
9.1548,8.5973,10.1548
9.7994,11.6912,10.7994
9.3975,11.8429,10.3975
8.819,10.2077,9.819
9.5836,11.4707,10.5836
9.1057,11.1111,10.1057
9.3847,9.0418,10.3847
9.7233,9.4083,10.7233
8.8573,9.2418,9.8573
9.9632,12.4315,10.9632
9.9352,11.2835,10.9352
9.2766,10.9932,10.2766
9.7064,12.0119,10.7064
9.5186,9.3056,10.5186
8.0953,8.2865,9.0953
9.1006,10.5159,10.1006
9.9668,11.2265,10.9668
9.6821,11.7234,10.6821
8.4609,10.8226,9.4609
9.1961,10.2307,10.1961
9.435,10.1847,10.435
8.9687,11.9532,9.9687
9.5324,11.4275,10.5324
8.0261,10.1146,9.0261
8.5422,9.2414,9.5422
8.985,11.1172,9.985
9.5793,8.6843,10.5793
9.046,10.8519,10.046
9.4271,10.3292,10.4271
9.0395,9.8116,10.0395
9.1484,11.7391,10.1484
9.1555,7.9781,10.1555
8.3817,8.9572,9.3817
8.0638,10.4789,9.0638
9.1046,8.454,10.1046
9.5662,11.0183,10.5662
9.0212,10.2903,10.0212
8.6562,10.4406,9.6562
9.8687,11.2616,10.8687
9.7887,9.8065,10.7887
8.3526,9.7681,9.3526
8.2499,8.375,9.2499
9.2447,10.672,10.2447
9.0227,9.3356,10.0227
9.5545,9.7756,10.5545
8.7288,12.6849,9.7288
8.7162,10.3204,9.7162
9.7051,8.9694,10.7051
9.527,10.0523,10.527
9.0717,10.0946,10.0717
8.1584,8.3328,9.1584
8.0362,9.0282,9.0362
9.8078,11.1732,10.8078
9.1731,9.5395,10.1731
8.0695,9.8588,9.0695
8.3349,10.3967,9.3349
8.1774,10.0381,9.1774
9.2987,9.462,10.2987
8.1969,11.0496,9.1969
8.0803,10.8642,9.0803
9.8926,9.0156,10.8926
8.2556,8.2628,9.2556
9.8136,10.228,10.8136
9.2839,10.5527,10.2839
9.7271,9.25,10.7271
9.1879,7.8724,10.1879
8.6351,8.3962,9.6351
9.9462,10.1034,10.9462
8.0668,10.1123,9.0668
8.3165,10.0947,9.3165
8.0677,7.4873,9.0677
8.3193,8.1742,9.3193
8.7657,8.6151,9.7657
9.5321,9.8036,10.5321
9.191,9.5948,10.191
9.6137,10.8021,10.6137
8.9148,10.4564,9.9148
9.6543,10.6555,10.6543
8.354,7.5655,9.354
9.0807,11.0489,10.0807
8.0217,8.6954,9.0217
8.1925,11.0739,9.1925
8.8058,11.1637,9.8058
9.9639,11.2458,10.9639
8.5938,8.1957,9.5938
9.1384,9.8077,10.1384
8.8291,11.1297,9.8291
8.0461,8.8403,9.0461
8.99,11.1962,9.99
8.0863,10.2974,9.0863
8.6616,9.0093,9.6616
9.3195,8.2733,10.3195
9.2208,10.5936,10.2208
8.1694,9.207,9.1694
9.1184,9.5422,10.1184
9.6254,9.62,10.6254
9.3175,9.973,10.3175
8.5169,9.7273,9.5169
8.9269,10.1164,9.9269
9.8815,11.0006,10.8815
9.0927,8.5166,10.0927
9.9788,12.5056,10.9788
9.1893,8.4712,10.1893
9.4683,10.4013,10.4683
8.6134,9.4566,9.6134
8.5172,9.2641,9.5172
9.1997,11.6099,10.1997
8.4451,9.7418,9.4451
8.9235,9.9724,9.9235
9.6838,10.2942,10.6838
9.8673,10.9393,10.8673
9.2518,10.6319,10.2518
8.908,8.9082,9.908
9.1271,11.2547,10.1271
9.6282,10.6439,10.6282
9.5096,10.9369,10.5096
8.8541,9.6369,9.8541
9.075,11.2287,10.075
9.9081,9.9121,10.9081
9.6107,10.9401,10.6107
8.7151,9.4734,9.7151
8.3803,9.5567,9.3803
9.9712,11.843,10.9712
9.8608,10.3428,10.8608
9.7418,11.7179,10.7418
9.4581,9.3395,10.4581
9.3092,11.9355,10.3092
9.6653,11.4068,10.6653
9.2389,10.6804,10.2389
8.8513,9.8409,9.8513
8.5796,8.9083,9.5796
9.7219,11.3154,10.7219
8.9374,9.9758,9.9374
8.6887,9.1534,9.6887
9.6776,10.4668,10.6776
9.3285,9.3589,10.3285
9.3025,10.2752,10.3025
8.0488,9.9674,9.0488
8.3203,8.3795,9.3203
9.0481,10.1487,10.0481
9.1495,8.7534,10.1495
9.9447,10.002,10.9447
8.12,10.0719,9.12
8.682,7.3909,9.682
9.1797,10.4227,10.1797
9.9775,11.5096,10.9775
9.2005,10.578,10.2005
8.615,8.4386,9.615
8.3906,9.168,9.3906
9.4499,10.091,10.4499
9.017,9.5057,10.017
8.4577,7.5478,9.4577
8.6258,7.3694,9.6258
9.5547,10.1854,10.5547
8.1545,9.8987,9.1545
8.6777,8.7294,9.6777
8.1183,7.8083,9.1183
9.1377,9.9199,10.1377
9.0859,8.5485,10.0859
8.6624,9.9477,9.6624
9.8027,11.357,10.8027
9.5683,10.651,10.5683
8.6717,9.6654,9.6717
9.8754,12.7487,10.8754
8.3176,10.2598,9.3176
8.3823,7.9767,9.3823
9.0448,10.2397,10.0448
8.277,8.755,9.277
9.3618,10.6426,10.3618
8.5,10.8674,9.5
9.4375,11.4853,10.4375
8.9206,11.0551,9.9206
8.9812,9.5421,9.9812
8.8774,10.1477,9.8774
8.5608,11.1001,9.5608
9.7682,13.6554,10.7682
8.6578,10.4264,9.6578
9.924,10.4139,10.924
9.9413,10.3428,10.9413
9.3103,10.3626,10.3103
8.3259,10.5208,9.3259
9.8573,9.709,10.8573
9.3283,9.9759,10.3283
9.859,12.1651,10.859
8.599,10.1217,9.599
8.706,11.6992,9.706
8.1599,8.8014,9.1599
8.1638,10.53,9.1638
9.7555,11.5601,10.7555
9.5077,9.8867,10.5077
9.8252,12.6938,10.8252
9.1778,11.087,10.1778
9.6571,10.4402,10.6571
8.5996,8.5318,9.5996
8.4091,8.4613,9.4091
9.3644,11.1866,10.3644
9.1032,10.1323,10.1032
8.2463,10.0289,9.2463
9.3688,8.5699,10.3688
8.9869,10.3024,9.9869
8.5934,9.8789,9.5934
8.7193,9.6331,9.7193
9.4718,8.8549,10.4718
8.6985,9.4066,9.6985
8.5405,9.2732,9.5405
9.6599,10.8845,10.6599
9.9697,10.0051,10.9697
8.8022,11.0888,9.8022
8.2359,8.9231,9.2359
9.2187,7.7141,10.2187
8.1543,10.7578,9.1543
8.9136,9.1993,9.9136
8.9155,10.8639,9.9155
8.1153,8.3567,9.1153
9.8948,10.785,10.8948
8.363,7.9173,9.363
9.1753,9.2939,10.1753
8.6108,9.5888,9.6108
8.6173,8.9814,9.6173
9.7651,10.1114,10.7651
8.0666,9.8568,9.0666
9.9664,11.0454,10.9664
8.0824,9.1546,9.0824
9.4429,10.9305,10.4429
8.2143,9.1162,9.2143
8.025,7.9888,9.025
9.0954,8.0268,10.0954
9.0068,9.7935,10.0068
8.3412,8.7319,9.3412
8.7496,9.3343,9.7496
8.3923,9.3829,9.3923
9.1449,10.5355,10.1449
8.4573,8.4693,9.4573
9.1161,9.6884,10.1161
8.7226,10.0752,9.7226
9.4426,9.9431,10.4426
8.1681,8.7723,9.1681
9.9404,9.6096,10.9404
8.8989,6.3599,9.8989
8.6448,9.6369,9.6448
9.317,11.5785,10.317
9.4482,12.2093,10.4482
8.6841,11.0379,9.6841
8.1072,8.0613,9.1072
9.8564,11.3845,10.8564
9.0074,9.8932,10.0074
8.7947,8.5425,9.7947
9.818,10.2939,10.818
8.4608,9.5691,9.4608
8.838,9.1044,9.838
9.7009,10.3247,10.7009
9.4041,8.8869,10.4041
9.3196,9.9912,10.3196
8.0596,10.5293,9.0596
8.6667,8.7084,9.6667
9.2555,11.9971,10.2555
8.7777,9.3221,9.7777
9.7336,11.8144,10.7336
8.4668,11.3476,9.4668
8.896,8.6395,9.896
9.6017,10.4996,10.6017
9.2561,9.8564,10.2561
9.6235,9.8022,10.6235
9.2783,9.4987,10.2783
9.7425,12.4788,10.7425
9.4282,10.318,10.4282
8.27,7.9225,9.27
9.1272,9.9345,10.1272
9.1667,10.8861,10.1667
9.2948,8.402,10.2948
8.1572,8.5394,9.1572
8.3427,9.4732,9.3427
9.2198,10.5111,10.2198
9.5961,8.9997,10.5961
8.6386,8.8905,9.6386
9.499,11.5683,10.499
8.3416,9.0606,9.3416
9.8713,11.4517,10.8713
8.5243,9.2896,9.5243
8.8832,10.7493,9.8832
9.4067,10.9389,10.4067
8.1341,7.414,9.1341
9.7013,11.8235,10.7013
9.9139,11.3653,10.9139
9.8998,10.8251,10.8998
8.4828,8.8097,9.4828
8.8831,10.1662,9.8831
8.5088,9.1621,9.5088
8.78,9.9198,9.78
9.6094,10.5426,10.6094
9.9487,9.3385,10.9487
8.4367,9.6837,9.4367
8.0997,9.3185,9.0997
8.8677,10.3962,9.8677
9.8757,9.1698,10.8757
8.3154,8.9193,9.3154
8.4281,9.2877,9.4281
9.3115,11.5205,10.3115
8.7607,9.9867,9.7607
8.4799,8.8163,9.4799
8.4244,8.9543,9.4244
8.2093,8.3207,9.2093
9.2777,11.3643,10.2777
9.5471,10.0769,10.5471
9.8282,10.2506,10.8282
8.4528,10.9278,9.4528
8.1067,10.3251,9.1067
8.9425,9.8256,9.9425
9.1966,11.1437,10.1966
9.6472,12.0224,10.6472
9.5785,11.1283,10.5785
9.154,10.8822,10.154
9.8503,12.8543,10.8503
8.6465,9.6645,9.6465
8.91,8.9562,9.91
8.0556,9.5932,9.0556
8.1702,10.2344,9.1702
8.8962,9.9298,9.8962
9.5705,12.5989,10.5705
9.7092,10.0942,10.7092
9.4091,9.8956,10.4091
9.1752,9.3663,10.1752
8.6306,9.9618,9.6306
9.9056,9.3365,10.9056
9.0149,7.8691,10.0149
9.9286,11.593,10.9286
8.7432,10.4432,9.7432
8.0805,7.8084,9.0805
9.9366,10.6407,10.9366
8.7327,9.4985,9.7327
9.3954,9.5592,10.3954
9.8473,9.6472,10.8473
8.463,9.7259,9.463
9.9007,10.7998,10.9007
8.2568,9.9788,9.2568
9.2302,10.0653,10.2302
1.5629,1.6043,2.5629
1.7657,1.6799,2.7657
0.734011,1.0285,1.734
0.370645,3.4084,1.3706
0.494711,1.1758,1.4947
1.7077,1.7455,2.7077
1.8235,2.7035,2.8235
1.6979,1.9153,2.6979
0.545069,2.7257,1.5451
1.1219,4.9776,2.1219
1.7636,3.8812,2.7636
0.901812,1.5959,1.9018
0.861259,1.3489,1.8613
1.3993,2.0728,2.3993
1.2201,3.0443,2.2201
1.1257,1.7388,2.1257
1.9735,2.6245,2.9735
1.3702,2.9406,2.3702
1.6247,2.7165,2.6247
1.5999,2.2643,2.5999
0.506247,2.8037,1.5062
0.699115,1.3759,1.6991
0.183328,0.640182,1.1833
1.0968,0.893646,2.0968
0.636779,1.985,1.6368
1.87,2.0758,2.87
0.980775,3.3838,1.9808
1.1018,1.0132,2.1018
1.2702,2.5768,2.2702
1.0201,0.92352,2.0201
1.6254,4.8624,2.6254
0.401898,1.237,1.4019
0.357811,2.8578,1.3578
1.2112,3.2065,2.2112
1.7827,2.9988,2.7827
1.6411,2.099,2.6411
0.20876,0.196492,1.2088
1.6328,1.9479,2.6328
1.0153,3.8276,2.0153
0.635184,3.1129,1.6352
1.77,5.5015,2.77
0.248607,1.7952,1.2486
1.2029,2.946,2.2029
1.6103,2.7386,2.6103
0.15494,1.8117,1.1549
1.7417,2.0543,2.7417
1.5688,1.3577,2.5688
1.8639,3.4675,2.8639
1.6107,2.7119,2.6107
0.673768,2.0674,1.6738
1.5578,2.8992,2.5578
0.314974,1.3862,1.315
1.1258,0.945977,2.1258
1.6495,3.3705,2.6495
0.93756,4.4704,1.9376
0.224544,1.1957,1.2245
1.5555,3.5678,2.5555
1.5409,3.6559,2.5409
0.252349,0.270134,1.2523
0.950732,1.9119,1.9507
0.390298,1.0187,1.3903
0.475908,1.3008,1.4759
1.3131,3.0213,2.3131
1.1144,2.3181,2.1144
1.4284,2.0559,2.4284
1.585,2.1756,2.585
0.523906,2.9935,1.5239
1.1439,1.9487,2.1439
0.425834,3.8812,1.4258
0.189554,1.1276,1.1896
1.891,1.7649,2.891
1.9995,2.3253,2.9995
0.617434,2.0503,1.6174
1.8175,2.0199,2.8175
1.2062,0.824988,2.2062
0.488574,2.8392,1.4886
0.936223,1.5095,1.9362
1.2929,2.2777,2.2929
1.2953,1.938,2.2953
1.8201,3.6241,2.8201
0.215228,2.0319,1.2152
1.5305,2.4,2.5305
1.0094,2.1799,2.0094
0.798767,2.4139,1.7988
0.170934,-0.19824,1.1709
1.8306,2.7328,2.8306
0.628855,1.7624,1.6289
0.146572,2.4376,1.1466
0.953813,1.3121,1.9538
1.2043,-0.729075,2.2043
1.7897,3.0979,2.7897
0.470213,1.56,1.4702
1.3316,1.9441,2.3316
0.586373,2.2841,1.5864
1.843,3.0236,2.843
0.336872,0.447544,1.3369
1.8089,2.9126,2.8089
1.7874,3.048,2.7874
1.1726,2.9104,2.1726
1.886,3.4094,2.886
